0,Lyna,JOLY,76000,28/09/2017
1,Emma,DUCHATEAU,35000,04/10/2017
2,Marouan,MOHAMED,110000,19/10/2017
3,Lyna,MOHAMED,69000,13/10/2017
4,Alice,DUBOIS,120000,21/10/2017
5,Jules,ROY,51000,18/10/2017
6,Jules,MARTIN,40000,14/10/2017
7,Nathan,DUCHATEAU,34000,16/10/2017
8,Manon,DUBOIS,62000,22/10/2017
9,Lola,ROUX,94000,13/10/2017
10,Cloe,BLANC,46000,24/10/2017
11,Manon,DUBOIS,41000,04/10/2017
12,Jules,MARTIN,115000,13/10/2017
13,Cloe,ROUX,79000,22/10/2017
14,Sabrina,DUBOIS,71000,06/10/2017
15,Jules,ROUX,62000,23/10/2017
16,Lyna,ROY,86000,26/10/2017
17,Lyna,ROUX,43000,26/10/2017
18,Lyna,DUBOIS,93000,06/10/2017
19,Marouan,PETIT,76000,26/10/2017
20,Manon,ROUX,91000,12/10/2017
21,Lola,DUCHATEAU,53000,21/10/2017
22,Alice,DUBOIS,70000,06/10/2017
23,Lola,DUBOIS,73000,13/10/2017
24,Cloe,BLANC,57000,23/10/2017
25,Emma,JOLY,45000,25/10/2017
26,Cloe,BLANC,55000,24/10/2017
27,Marouan,PETIT,33000,07/10/2017
28,Cloe,DUBOIS,55000,21/10/2017
29,Lyna,BLANC,39000,18/10/2017
30,Alice,PETIT,106000,14/10/2017
31,Lucas,MOHAMED,80000,17/10/2017
32,Alice,PETIT,54000,12/10/2017
33,Sabrina,MARTIN,71000,18/10/2017
34,Lola,DUCHATEAU,69000,16/10/2017
35,Sabrina,ROY,100000,09/10/2017
36,Nathan,BLANC,35000,07/10/2017
37,Nathan,MOHAMED,97000,21/10/2017
38,Lucas,PETIT,52000,14/10/2017
39,Emma,BLANC,102000,10/10/2017
40,Lola,ROY,64000,06/10/2017
41,Cloe,DUCHATEAU,97000,22/10/2017
42,Sabrina,DUCHATEAU,83000,19/10/2017
43,Lyna,ROY,38000,28/09/2017
44,Sabrina,ROY,45000,20/10/2017
45,Marouan,ROUX,30000,05/10/2017
46,Alice,JOLY,95000,16/10/2017
47,Manon,MOHAMED,39000,13/10/2017
48,Lyna,BLANC,46000,15/10/2017
49,Sabrina,PETIT,116000,14/10/2017
50,Cloe,MOHAMED,47000,24/10/2017
51,Cloe,BLANC,89000,22/10/2017
52,Manon,MARTIN,36000,25/10/2017
53,Nathan,DUCHATEAU,60000,07/10/2017
54,Lola,DUCHATEAU,46000,27/10/2017
55,Jules,BLANC,45000,24/10/2017
56,Sabrina,DUBOIS,82000,13/10/2017
57,Marouan,ROY,60000,05/10/2017
58,Cloe,JOLY,107000,04/10/2017
59,Lyna,BLANC,100000,18/10/2017
60,Lola,MARTIN,62000,04/10/2017
61,Sabrina,BLANC,106000,08/10/2017
62,Lucas,DUCHATEAU,73000,21/10/2017
63,Alice,BLANC,105000,06/10/2017
64,Lola,DUCHATEAU,118000,26/10/2017
65,Lucas,PETIT,41000,01/10/2017
66,Emma,BLANC,56000,17/10/2017
67,Manon,DUBOIS,74000,14/10/2017
68,Manon,MARTIN,53000,12/10/2017
69,Alice,JOLY,75000,25/10/2017
70,Lola,JOLY,54000,01/10/2017
71,Sabrina,ROY,118000,11/10/2017
72,Cloe,MARTIN,77000,05/10/2017
73,Cloe,ROY,94000,30/09/2017
74,Lyna,MOHAMED,73000,29/09/2017
75,Nathan,ROUX,57000,08/10/2017
76,Lola,ROY,79000,16/10/2017
77,Nathan,ROY,44000,15/10/2017
78,Nathan,MARTIN,118000,07/10/2017
79,Nathan,MARTIN,36000,01/10/2017
80,Cloe,BLANC,96000,30/09/2017
81,Cloe,ROUX,84000,06/10/2017
82,Alice,BLANC,98000,19/10/2017
83,Emma,BLANC,83000,21/10/2017
84,Manon,BLANC,90000,13/10/2017
85,Nathan,ROY,72000,20/10/2017
86,Emma,BLANC,43000,28/09/2017
87,Lyna,MARTIN,39000,08/10/2017
88,Lucas,DUCHATEAU,109000,12/10/2017
89,Emma,PETIT,39000,30/09/2017
90,Jules,BLANC,88000,11/10/2017
91,Sabrina,MARTIN,116000,07/10/2017
92,Nathan,DUBOIS,65000,02/10/2017
93,Jules,MARTIN,100000,01/10/2017
94,Lyna,DUCHATEAU,42000,18/10/2017
95,Alice,ROY,104000,12/10/2017
96,Lyna,JOLY,114000,17/10/2017
97,Sabrina,ROUX,75000,21/10/2017
98,Jules,DUBOIS,101000,18/10/2017
99,Lyna,ROUX,62000,17/10/2017
100,Lola,ROY,36000,01/10/2017
101,Lyna,PETIT,70000,03/10/2017
102,Manon,ROUX,118000,21/10/2017
103,Lola,DUCHATEAU,45000,21/10/2017
104,Marouan,PETIT,98000,14/10/2017
105,Lyna,BLANC,120000,12/10/2017
106,Manon,ROY,105000,26/10/2017
107,Manon,BLANC,53000,29/09/2017
108,Marouan,MARTIN,32000,09/10/2017
109,Nathan,DUCHATEAU,62000,20/10/2017
110,Manon,PETIT,59000,08/10/2017
111,Alice,MOHAMED,72000,23/10/2017
112,Lucas,JOLY,63000,24/10/2017
113,Lucas,ROUX,38000,11/10/2017
114,Lola,BLANC,64000,20/10/2017
115,Lola,DUBOIS,56000,18/10/2017
116,Cloe,ROY,93000,14/10/2017
117,Sabrina,MOHAMED,113000,27/10/2017
118,Alice,MARTIN,43000,30/09/2017
119,Lucas,BLANC,116000,16/10/2017
120,Emma,BLANC,109000,04/10/2017
121,Marouan,MARTIN,51000,09/10/2017
122,Lyna,DUCHATEAU,56000,17/10/2017
123,Lyna,PETIT,35000,03/10/2017
124,Sabrina,MOHAMED,119000,29/09/2017
125,Jules,MOHAMED,35000,20/10/2017
126,Lyna,DUBOIS,64000,03/10/2017
127,Lyna,MOHAMED,50000,09/10/2017
128,Emma,ROUX,48000,11/10/2017
129,Lucas,MARTIN,33000,15/10/2017
130,Emma,DUCHATEAU,40000,21/10/2017
131,Cloe,ROUX,76000,10/10/2017
132,Jules,JOLY,113000,25/10/2017
133,Cloe,BLANC,33000,28/10/2017
134,Nathan,MOHAMED,89000,16/10/2017
135,Cloe,MOHAMED,63000,28/10/2017
136,Lola,PETIT,120000,06/10/2017
137,Lyna,MOHAMED,66000,06/10/2017
138,Jules,MOHAMED,35000,29/09/2017
139,Nathan,MOHAMED,73000,08/10/2017
140,Lucas,DUCHATEAU,108000,04/10/2017
141,Manon,DUCHATEAU,84000,08/10/2017
142,Jules,ROUX,117000,29/09/2017
143,Lyna,DUBOIS,110000,20/10/2017
144,Sabrina,ROUX,117000,09/10/2017
145,Lucas,JOLY,80000,29/09/2017
146,Manon,ROY,51000,09/10/2017
147,Cloe,JOLY,37000,25/10/2017
148,Jules,PETIT,44000,12/10/2017
149,Manon,JOLY,48000,23/10/2017
150,Emma,ROUX,70000,07/10/2017
151,Marouan,MARTIN,75000,28/09/2017
152,Lola,DUBOIS,64000,24/10/2017
153,Cloe,ROY,111000,28/10/2017
154,Sabrina,ROY,100000,06/10/2017
155,Alice,DUBOIS,59000,11/10/2017
156,Nathan,ROUX,84000,08/10/2017
157,Lola,MOHAMED,103000,26/10/2017
158,Lyna,DUCHATEAU,57000,27/10/2017
159,Sabrina,DUBOIS,90000,26/10/2017
160,Alice,DUBOIS,100000,19/10/2017
161,Lyna,DUBOIS,67000,22/10/2017
162,Sabrina,ROUX,89000,17/10/2017
163,Lola,DUCHATEAU,92000,30/09/2017
164,Alice,MARTIN,67000,18/10/2017
165,Lucas,MARTIN,119000,19/10/2017
166,Alice,DUCHATEAU,72000,14/10/2017
167,Jules,MOHAMED,77000,03/10/2017
168,Lucas,ROUX,84000,29/09/2017
169,Lyna,DUBOIS,34000,21/10/2017
170,Marouan,DUCHATEAU,61000,04/10/2017
171,Alice,ROUX,71000,17/10/2017
172,Jules,MARTIN,45000,14/10/2017
173,Alice,MOHAMED,112000,20/10/2017
174,Lyna,DUCHATEAU,70000,28/09/2017
175,Marouan,BLANC,94000,12/10/2017
176,Emma,JOLY,81000,11/10/2017
177,Lyna,MARTIN,76000,09/10/2017
178,Lola,DUBOIS,35000,30/09/2017
179,Alice,MARTIN,119000,21/10/2017
180,Nathan,DUBOIS,52000,25/10/2017
181,Alice,DUCHATEAU,89000,17/10/2017
182,Manon,DUCHATEAU,83000,29/09/2017
183,Lyna,MOHAMED,53000,01/10/2017
184,Cloe,JOLY,46000,01/10/2017
185,Cloe,ROY,90000,04/10/2017
186,Cloe,ROUX,44000,11/10/2017
187,Cloe,JOLY,97000,22/10/2017
188,Emma,JOLY,67000,14/10/2017
189,Nathan,JOLY,90000,07/10/2017
190,Cloe,BLANC,63000,13/10/2017
191,Marouan,BLANC,115000,28/09/2017
192,Emma,DUBOIS,52000,01/10/2017
193,Marouan,DUCHATEAU,32000,20/10/2017
194,Cloe,BLANC,37000,12/10/2017
195,Emma,MOHAMED,30000,26/10/2017
196,Lucas,DUBOIS,69000,25/10/2017
197,Lola,DUBOIS,32000,23/10/2017
198,Cloe,MARTIN,111000,13/10/2017
199,Marouan,MARTIN,64000,15/10/2017
200,Sabrina,ROY,115000,20/10/2017
201,Lola,BLANC,41000,18/10/2017
202,Jules,MOHAMED,118000,20/10/2017
203,Sabrina,ROUX,59000,01/10/2017
204,Cloe,BLANC,70000,27/10/2017
205,Sabrina,PETIT,100000,06/10/2017
206,Cloe,DUBOIS,117000,23/10/2017
207,Cloe,MARTIN,104000,01/10/2017
208,Manon,ROY,31000,24/10/2017
209,Emma,JOLY,84000,20/10/2017
210,Manon,ROY,103000,24/10/2017
211,Emma,PETIT,60000,28/09/2017
212,Cloe,ROY,73000,24/10/2017
213,Alice,DUCHATEAU,36000,06/10/2017
214,Lola,PETIT,53000,16/10/2017
215,Lola,MARTIN,108000,12/10/2017
216,Cloe,DUBOIS,65000,20/10/2017
217,Emma,PETIT,62000,04/10/2017
218,Marouan,JOLY,59000,14/10/2017
219,Alice,MARTIN,42000,21/10/2017
220,Emma,DUBOIS,50000,23/10/2017
221,Lyna,PETIT,53000,16/10/2017
222,Nathan,MOHAMED,66000,19/10/2017
223,Jules,ROUX,66000,12/10/2017
224,Lyna,MARTIN,87000,24/10/2017
225,Alice,DUBOIS,40000,17/10/2017
226,Emma,MOHAMED,78000,08/10/2017
227,Jules,MARTIN,40000,01/10/2017
228,Sabrina,ROUX,30000,21/10/2017
229,Lucas,DUCHATEAU,100000,20/10/2017
230,Sabrina,BLANC,104000,05/10/2017
231,Nathan,DUBOIS,43000,02/10/2017
232,Nathan,MARTIN,70000,30/09/2017
233,Emma,BLANC,71000,06/10/2017
234,Marouan,PETIT,82000,03/10/2017
235,Marouan,PETIT,33000,07/10/2017
236,Jules,MOHAMED,84000,17/10/2017
237,Lola,ROUX,67000,02/10/2017
238,Emma,BLANC,46000,03/10/2017
239,Lola,ROY,89000,13/10/2017
240,Nathan,MARTIN,115000,26/10/2017
241,Manon,MARTIN,43000,27/10/2017
242,Sabrina,BLANC,95000,06/10/2017
243,Jules,BLANC,75000,08/10/2017
244,Manon,JOLY,75000,09/10/2017
245,Nathan,PETIT,107000,08/10/2017
246,Jules,MARTIN,78000,16/10/2017
247,Lucas,JOLY,51000,05/10/2017
248,Manon,PETIT,60000,03/10/2017
249,Marouan,DUBOIS,104000,24/10/2017
250,Nathan,MARTIN,61000,28/09/2017
251,Nathan,MOHAMED,116000,05/10/2017
252,Lola,BLANC,55000,26/10/2017
253,Sabrina,MARTIN,63000,10/10/2017
254,Emma,ROY,109000,14/10/2017
255,Sabrina,MARTIN,76000,26/10/2017
256,Lyna,PETIT,64000,15/10/2017
257,Cloe,JOLY,111000,15/10/2017
258,Manon,DUCHATEAU,49000,28/09/2017
259,Alice,PETIT,32000,29/09/2017
260,Alice,ROY,83000,15/10/2017
261,Marouan,PETIT,93000,12/10/2017
262,Manon,MARTIN,105000,28/09/2017
263,Emma,PETIT,97000,08/10/2017
264,Emma,PETIT,89000,05/10/2017
265,Marouan,BLANC,68000,23/10/2017
266,Nathan,PETIT,41000,12/10/2017
267,Sabrina,DUBOIS,92000,25/10/2017
268,Sabrina,MOHAMED,46000,06/10/2017
269,Sabrina,DUBOIS,30000,02/10/2017
270,Marouan,JOLY,106000,28/09/2017
271,Lola,PETIT,85000,27/10/2017
272,Nathan,JOLY,87000,03/10/2017
273,Alice,BLANC,113000,24/10/2017
274,Lola,PETIT,96000,10/10/2017
275,Emma,JOLY,106000,16/10/2017
276,Marouan,PETIT,87000,30/09/2017
277,Lyna,ROY,69000,18/10/2017
278,Sabrina,ROUX,86000,09/10/2017
279,Jules,MOHAMED,112000,26/10/2017
280,Marouan,DUBOIS,87000,12/10/2017
281,Sabrina,DUBOIS,73000,13/10/2017
282,Jules,JOLY,95000,02/10/2017
283,Lucas,JOLY,114000,19/10/2017
284,Jules,DUCHATEAU,96000,05/10/2017
285,Jules,BLANC,49000,17/10/2017
286,Lola,JOLY,96000,30/09/2017
287,Lucas,MOHAMED,37000,27/10/2017
288,Marouan,ROY,59000,29/09/2017
289,Marouan,ROY,96000,08/10/2017
290,Emma,PETIT,85000,11/10/2017
291,Jules,ROY,41000,05/10/2017
292,Jules,ROY,39000,16/10/2017
293,Jules,ROY,85000,15/10/2017
294,Lucas,ROUX,46000,05/10/2017
295,Lyna,BLANC,85000,08/10/2017
296,Lucas,PETIT,81000,14/10/2017
297,Lucas,DUCHATEAU,59000,26/10/2017
298,Marouan,PETIT,90000,16/10/2017
299,Lucas,ROY,118000,05/10/2017
300,Emma,DUCHATEAU,31000,23/10/2017
301,Alice,MOHAMED,116000,15/10/2017
302,Sabrina,PETIT,101000,04/10/2017
303,Lyna,DUBOIS,54000,28/10/2017
304,Manon,MARTIN,64000,02/10/2017
305,Manon,JOLY,94000,17/10/2017
306,Sabrina,PETIT,44000,05/10/2017
307,Nathan,ROUX,73000,14/10/2017
308,Sabrina,DUBOIS,35000,07/10/2017
309,Manon,BLANC,52000,23/10/2017
310,Nathan,DUBOIS,107000,23/10/2017
311,Alice,DUCHATEAU,84000,02/10/2017
312,Nathan,BLANC,104000,08/10/2017
313,Alice,ROUX,71000,14/10/2017
314,Lyna,DUBOIS,80000,02/10/2017
315,Nathan,JOLY,30000,29/09/2017
316,Lyna,MARTIN,40000,14/10/2017
317,Emma,ROUX,61000,15/10/2017
318,Lyna,ROY,66000,09/10/2017
319,Sabrina,MOHAMED,95000,24/10/2017
320,Alice,JOLY,111000,19/10/2017
321,Emma,ROUX,76000,07/10/2017
322,Manon,DUCHATEAU,69000,18/10/2017
323,Nathan,ROUX,77000,30/09/2017
324,Jules,DUBOIS,113000,21/10/2017
325,Nathan,ROUX,41000,23/10/2017
326,Marouan,BLANC,72000,15/10/2017
327,Lola,MARTIN,43000,06/10/2017
328,Emma,DUBOIS,114000,04/10/2017
329,Jules,JOLY,61000,25/10/2017
330,Marouan,MARTIN,45000,03/10/2017
331,Manon,MOHAMED,31000,24/10/2017
332,Lola,PETIT,57000,29/09/2017
333,Nathan,ROY,76000,06/10/2017
334,Sabrina,JOLY,61000,22/10/2017
335,Sabrina,DUBOIS,112000,15/10/2017
336,Manon,PETIT,53000,12/10/2017
337,Lyna,BLANC,99000,29/09/2017
338,Alice,MARTIN,65000,13/10/2017
339,Manon,JOLY,94000,13/10/2017
340,Lyna,PETIT,51000,03/10/2017
341,Lyna,DUBOIS,84000,27/10/2017
342,Lola,PETIT,108000,16/10/2017
343,Lyna,ROY,59000,12/10/2017
344,Lucas,MARTIN,86000,17/10/2017
345,Lyna,MOHAMED,44000,20/10/2017
346,Marouan,DUBOIS,119000,07/10/2017
347,Lucas,BLANC,117000,21/10/2017
348,Marouan,MOHAMED,84000,26/10/2017
349,Nathan,DUCHATEAU,39000,20/10/2017
350,Manon,JOLY,87000,16/10/2017
351,Alice,ROY,38000,15/10/2017
352,Manon,BLANC,63000,18/10/2017
353,Jules,ROUX,55000,28/09/2017
354,Alice,MARTIN,76000,02/10/2017
355,Lola,JOLY,116000,23/10/2017
356,Jules,ROY,58000,20/10/2017
357,Marouan,JOLY,93000,19/10/2017
358,Manon,BLANC,90000,15/10/2017
359,Cloe,PETIT,85000,26/10/2017
360,Emma,BLANC,83000,29/09/2017
361,Sabrina,MARTIN,108000,28/09/2017
362,Jules,JOLY,113000,25/10/2017
363,Sabrina,ROY,118000,14/10/2017
364,Lucas,PETIT,111000,21/10/2017
365,Lyna,PETIT,80000,26/10/2017
366,Nathan,DUBOIS,33000,06/10/2017
367,Lola,JOLY,57000,25/10/2017
368,Marouan,DUCHATEAU,100000,22/10/2017
369,Manon,MARTIN,69000,12/10/2017
370,Lyna,PETIT,104000,08/10/2017
371,Lyna,MARTIN,63000,30/09/2017
372,Lucas,DUBOIS,97000,15/10/2017
373,Lucas,MARTIN,73000,04/10/2017
374,Nathan,MARTIN,61000,09/10/2017
375,Alice,ROUX,65000,28/09/2017
376,Jules,MARTIN,56000,06/10/2017
377,Lucas,JOLY,42000,25/10/2017
378,Emma,MOHAMED,61000,21/10/2017
379,Nathan,MARTIN,72000,29/09/2017
380,Cloe,ROY,65000,25/10/2017
381,Cloe,PETIT,113000,02/10/2017
382,Lyna,DUCHATEAU,93000,12/10/2017
383,Cloe,BLANC,64000,20/10/2017
384,Cloe,BLANC,103000,01/10/2017
385,Alice,DUBOIS,31000,19/10/2017
386,Lucas,MOHAMED,39000,06/10/2017
387,Alice,BLANC,87000,24/10/2017
388,Lucas,ROUX,95000,13/10/2017
389,Emma,DUBOIS,43000,07/10/2017
390,Lyna,ROUX,92000,01/10/2017
391,Emma,JOLY,46000,02/10/2017
392,Lola,PETIT,104000,02/10/2017
393,Lola,BLANC,65000,25/10/2017
394,Emma,ROUX,50000,08/10/2017
395,Lyna,PETIT,112000,21/10/2017
396,Emma,JOLY,58000,05/10/2017
397,Cloe,ROUX,91000,16/10/2017
398,Marouan,MARTIN,79000,01/10/2017
399,Alice,BLANC,31000,02/10/2017
400,Lola,PETIT,57000,16/10/2017
401,Cloe,BLANC,69000,21/10/2017
402,Lola,PETIT,113000,29/09/2017
403,Cloe,DUBOIS,92000,24/10/2017
404,Marouan,PETIT,87000,03/10/2017
405,Jules,ROUX,64000,28/10/2017
406,Lyna,DUBOIS,83000,04/10/2017
407,Marouan,ROY,112000,11/10/2017
408,Marouan,ROUX,119000,04/10/2017
409,Alice,MOHAMED,80000,03/10/2017
410,Nathan,BLANC,110000,21/10/2017
411,Nathan,MARTIN,34000,23/10/2017
412,Nathan,PETIT,87000,23/10/2017
413,Lola,JOLY,104000,08/10/2017
414,Manon,PETIT,96000,19/10/2017
415,Lucas,DUBOIS,88000,12/10/2017
416,Alice,DUCHATEAU,101000,28/09/2017
417,Emma,JOLY,117000,18/10/2017
418,Manon,ROUX,43000,04/10/2017
419,Cloe,DUCHATEAU,64000,25/10/2017
420,Nathan,JOLY,60000,20/10/2017
421,Cloe,BLANC,116000,28/10/2017
422,Cloe,DUCHATEAU,43000,26/10/2017
423,Nathan,MARTIN,59000,29/09/2017
424,Nathan,ROUX,46000,18/10/2017
425,Manon,ROY,65000,11/10/2017
426,Nathan,BLANC,49000,16/10/2017
427,Cloe,PETIT,69000,10/10/2017
428,Lola,PETIT,40000,19/10/2017
429,Alice,BLANC,37000,30/09/2017
430,Sabrina,BLANC,54000,12/10/2017
431,Marouan,DUCHATEAU,46000,06/10/2017
432,Sabrina,ROY,92000,08/10/2017
433,Nathan,DUCHATEAU,118000,08/10/2017
434,Lola,MARTIN,56000,04/10/2017
435,Jules,ROUX,31000,08/10/2017
436,Lyna,MARTIN,106000,15/10/2017
437,Manon,DUCHATEAU,52000,05/10/2017
438,Nathan,MARTIN,88000,20/10/2017
439,Nathan,DUBOIS,41000,08/10/2017
440,Alice,MOHAMED,116000,15/10/2017
441,Lyna,DUCHATEAU,46000,13/10/2017
442,Manon,MOHAMED,70000,29/09/2017
443,Emma,DUBOIS,73000,07/10/2017
444,Cloe,JOLY,61000,12/10/2017
445,Jules,MARTIN,36000,23/10/2017
446,Manon,DUCHATEAU,46000,16/10/2017
447,Alice,ROUX,77000,18/10/2017
448,Manon,ROUX,35000,13/10/2017
449,Manon,PETIT,38000,22/10/2017
450,Manon,ROY,68000,28/10/2017
451,Manon,PETIT,38000,08/10/2017
452,Emma,DUBOIS,39000,14/10/2017
453,Emma,MARTIN,91000,26/10/2017
454,Marouan,BLANC,88000,28/10/2017
455,Lucas,MOHAMED,73000,08/10/2017
456,Cloe,MOHAMED,97000,07/10/2017
457,Lola,ROUX,66000,16/10/2017
458,Jules,DUBOIS,76000,08/10/2017
459,Nathan,DUBOIS,61000,07/10/2017
460,Nathan,JOLY,53000,03/10/2017
461,Sabrina,JOLY,72000,10/10/2017
462,Cloe,MOHAMED,78000,10/10/2017
463,Lyna,DUBOIS,42000,24/10/2017
464,Lucas,DUCHATEAU,105000,08/10/2017
465,Jules,BLANC,54000,11/10/2017
466,Marouan,MOHAMED,39000,17/10/2017
467,Emma,PETIT,61000,26/10/2017
468,Jules,ROUX,100000,27/10/2017
469,Alice,ROUX,103000,03/10/2017
470,Marouan,BLANC,60000,18/10/2017
471,Sabrina,PETIT,60000,03/10/2017
472,Lucas,ROUX,33000,21/10/2017
473,Marouan,ROY,63000,21/10/2017
474,Lola,JOLY,96000,22/10/2017
475,Lucas,ROUX,62000,14/10/2017
476,Jules,PETIT,41000,19/10/2017
477,Emma,MARTIN,106000,28/09/2017
478,Marouan,JOLY,77000,09/10/2017
479,Cloe,ROUX,77000,08/10/2017
480,Alice,ROY,117000,04/10/2017
481,Cloe,DUCHATEAU,45000,22/10/2017
482,Manon,DUBOIS,112000,30/09/2017
483,Cloe,DUBOIS,72000,06/10/2017
484,Jules,ROUX,76000,01/10/2017
485,Jules,DUBOIS,30000,19/10/2017
486,Emma,DUCHATEAU,61000,19/10/2017
487,Sabrina,BLANC,108000,19/10/2017
488,Cloe,DUCHATEAU,38000,07/10/2017
489,Marouan,BLANC,54000,18/10/2017
490,Lola,ROY,58000,04/10/2017
491,Cloe,MOHAMED,112000,27/10/2017
492,Lyna,BLANC,116000,08/10/2017
493,Sabrina,DUCHATEAU,32000,29/09/2017
494,Manon,MARTIN,71000,17/10/2017
495,Jules,JOLY,84000,25/10/2017
496,Marouan,DUCHATEAU,108000,05/10/2017
497,Manon,ROUX,93000,07/10/2017
498,Sabrina,BLANC,110000,12/10/2017
499,Emma,MOHAMED,57000,29/09/2017
500,Cloe,PETIT,100000,01/10/2017
501,Alice,MOHAMED,91000,20/10/2017
502,Jules,ROUX,115000,25/10/2017
503,Manon,BLANC,115000,25/10/2017
504,Cloe,DUBOIS,46000,07/10/2017
505,Lucas,JOLY,99000,23/10/2017
506,Nathan,MOHAMED,70000,16/10/2017
507,Lola,JOLY,110000,18/10/2017
508,Sabrina,PETIT,104000,24/10/2017
509,Marouan,MARTIN,101000,24/10/2017
510,Sabrina,DUCHATEAU,115000,24/10/2017
511,Lola,MARTIN,67000,18/10/2017
512,Nathan,MOHAMED,48000,28/10/2017
513,Marouan,ROUX,85000,08/10/2017
514,Emma,PETIT,89000,01/10/2017
515,Emma,BLANC,100000,30/09/2017
516,Manon,DUCHATEAU,94000,13/10/2017
517,Sabrina,MOHAMED,41000,05/10/2017
518,Lola,ROUX,92000,14/10/2017
519,Lyna,ROY,99000,08/10/2017
520,Lyna,MOHAMED,57000,22/10/2017
521,Alice,PETIT,70000,10/10/2017
522,Lyna,ROUX,67000,24/10/2017
523,Lyna,DUCHATEAU,60000,12/10/2017
524,Alice,JOLY,102000,09/10/2017
525,Lucas,BLANC,94000,10/10/2017
526,Cloe,ROUX,87000,11/10/2017
527,Lucas,BLANC,64000,14/10/2017
528,Emma,DUBOIS,43000,20/10/2017
529,Alice,DUCHATEAU,58000,27/10/2017
530,Emma,PETIT,68000,15/10/2017
531,Lyna,JOLY,86000,08/10/2017
532,Alice,MARTIN,52000,04/10/2017
533,Nathan,BLANC,51000,30/09/2017
534,Alice,MOHAMED,118000,27/10/2017
535,Sabrina,DUCHATEAU,69000,20/10/2017
536,Nathan,MOHAMED,73000,24/10/2017
537,Sabrina,DUBOIS,31000,29/09/2017
538,Lucas,ROUX,78000,10/10/2017
539,Jules,ROY,93000,19/10/2017
540,Alice,ROUX,87000,05/10/2017
541,Sabrina,ROUX,115000,02/10/2017
542,Jules,ROY,53000,29/09/2017
543,Alice,MARTIN,63000,21/10/2017
544,Sabrina,MARTIN,31000,14/10/2017
545,Lucas,ROUX,85000,10/10/2017
546,Lyna,BLANC,64000,30/09/2017
547,Emma,DUBOIS,77000,05/10/2017
548,Alice,DUBOIS,32000,24/10/2017
549,Emma,MOHAMED,56000,28/10/2017
550,Jules,JOLY,112000,24/10/2017
551,Lyna,DUBOIS,91000,16/10/2017
552,Nathan,DUBOIS,42000,26/10/2017
553,Sabrina,BLANC,94000,16/10/2017
554,Jules,JOLY,94000,26/10/2017
555,Lucas,MOHAMED,49000,11/10/2017
556,Lyna,MARTIN,94000,27/10/2017
557,Nathan,PETIT,101000,27/10/2017
558,Marouan,DUCHATEAU,94000,12/10/2017
559,Alice,JOLY,115000,28/09/2017
560,Nathan,DUBOIS,74000,15/10/2017
561,Lola,DUBOIS,30000,04/10/2017
562,Jules,DUBOIS,100000,11/10/2017
563,Jules,BLANC,90000,28/09/2017
564,Emma,BLANC,88000,22/10/2017
565,Jules,JOLY,71000,15/10/2017
566,Jules,MOHAMED,37000,10/10/2017
567,Manon,MARTIN,54000,25/10/2017
568,Nathan,MOHAMED,73000,15/10/2017
569,Manon,ROUX,77000,04/10/2017
570,Lucas,MOHAMED,35000,18/10/2017
571,Lucas,JOLY,62000,10/10/2017
572,Jules,BLANC,66000,12/10/2017
573,Marouan,MOHAMED,51000,05/10/2017
574,Sabrina,PETIT,31000,23/10/2017
575,Jules,DUBOIS,103000,21/10/2017
576,Manon,ROY,50000,18/10/2017
577,Jules,DUBOIS,52000,21/10/2017
578,Lyna,ROY,79000,12/10/2017
579,Lyna,MARTIN,77000,29/09/2017
580,Lucas,MOHAMED,72000,21/10/2017
581,Alice,MOHAMED,49000,10/10/2017
582,Marouan,PETIT,38000,25/10/2017
583,Lola,ROUX,36000,19/10/2017
584,Alice,JOLY,109000,16/10/2017
585,Emma,ROUX,97000,10/10/2017
586,Jules,BLANC,101000,12/10/2017
587,Alice,MOHAMED,119000,12/10/2017
588,Lucas,ROY,111000,14/10/2017
589,Emma,MOHAMED,38000,05/10/2017
590,Sabrina,DUBOIS,111000,13/10/2017
591,Alice,DUBOIS,47000,19/10/2017
592,Lucas,DUBOIS,67000,27/10/2017
593,Marouan,JOLY,31000,08/10/2017
594,Lola,ROY,112000,03/10/2017
595,Emma,MOHAMED,95000,28/09/2017
596,Marouan,DUCHATEAU,60000,02/10/2017
597,Sabrina,ROY,113000,17/10/2017
598,Manon,BLANC,94000,16/10/2017
599,Jules,PETIT,94000,25/10/2017
600,Alice,PETIT,68000,20/10/2017
601,Lyna,PETIT,103000,18/10/2017
602,Lola,DUBOIS,69000,07/10/2017
603,Sabrina,ROY,119000,04/10/2017
604,Sabrina,ROY,68000,13/10/2017
605,Alice,ROY,110000,21/10/2017
606,Nathan,BLANC,82000,07/10/2017
607,Lyna,MOHAMED,75000,20/10/2017
608,Lucas,ROY,99000,29/09/2017
609,Cloe,ROY,106000,21/10/2017
610,Alice,MOHAMED,82000,02/10/2017
611,Alice,ROY,44000,16/10/2017
612,Lucas,BLANC,120000,12/10/2017
613,Nathan,DUCHATEAU,60000,01/10/2017
614,Lucas,DUBOIS,82000,19/10/2017
615,Lola,JOLY,110000,18/10/2017
616,Lucas,ROUX,35000,11/10/2017
617,Manon,DUCHATEAU,92000,26/10/2017
618,Jules,PETIT,107000,17/10/2017
619,Manon,ROY,56000,11/10/2017
620,Emma,DUCHATEAU,54000,16/10/2017
621,Marouan,JOLY,64000,16/10/2017
622,Jules,PETIT,70000,28/09/2017
623,Emma,ROY,43000,20/10/2017
624,Lucas,BLANC,34000,13/10/2017
625,Cloe,DUCHATEAU,72000,11/10/2017
626,Lucas,DUCHATEAU,112000,28/09/2017
627,Nathan,DUCHATEAU,40000,13/10/2017
628,Jules,MARTIN,116000,11/10/2017
629,Marouan,PETIT,78000,24/10/2017
630,Manon,BLANC,65000,04/10/2017
631,Nathan,ROUX,107000,28/10/2017
632,Manon,ROUX,50000,27/10/2017
633,Manon,JOLY,58000,20/10/2017
634,Lyna,DUCHATEAU,63000,13/10/2017
635,Marouan,JOLY,109000,11/10/2017
636,Lola,DUCHATEAU,59000,06/10/2017
637,Marouan,JOLY,81000,16/10/2017
638,Lyna,BLANC,51000,12/10/2017
639,Sabrina,BLANC,112000,06/10/2017
640,Emma,DUCHATEAU,35000,10/10/2017
641,Jules,DUCHATEAU,114000,10/10/2017
642,Alice,BLANC,99000,10/10/2017
643,Jules,PETIT,114000,17/10/2017
644,Nathan,DUCHATEAU,40000,19/10/2017
645,Jules,MOHAMED,33000,27/10/2017
646,Cloe,BLANC,52000,29/09/2017
647,Alice,ROUX,109000,25/10/2017
648,Sabrina,MARTIN,43000,23/10/2017
649,Lucas,MARTIN,110000,15/10/2017
650,Manon,JOLY,39000,21/10/2017
651,Manon,BLANC,52000,28/10/2017
652,Jules,MARTIN,61000,07/10/2017
653,Alice,BLANC,102000,09/10/2017
654,Alice,PETIT,87000,29/09/2017
655,Alice,JOLY,39000,20/10/2017
656,Alice,ROY,49000,01/10/2017
657,Sabrina,ROUX,114000,08/10/2017
658,Manon,ROY,103000,19/10/2017
659,Marouan,MOHAMED,79000,27/10/2017
660,Alice,PETIT,95000,18/10/2017
661,Sabrina,JOLY,59000,22/10/2017
662,Lucas,MARTIN,118000,22/10/2017
663,Marouan,MARTIN,82000,22/10/2017
664,Jules,MARTIN,77000,12/10/2017
665,Lola,MARTIN,86000,13/10/2017
666,Lucas,JOLY,111000,28/10/2017
667,Lola,MARTIN,66000,22/10/2017
668,Nathan,MARTIN,61000,11/10/2017
669,Manon,MARTIN,37000,19/10/2017
670,Jules,JOLY,87000,18/10/2017
671,Manon,MOHAMED,57000,16/10/2017
672,Nathan,PETIT,82000,03/10/2017
673,Alice,DUBOIS,113000,23/10/2017
674,Lola,JOLY,76000,30/09/2017
675,Manon,DUCHATEAU,68000,20/10/2017
676,Lucas,ROUX,66000,18/10/2017
677,Lyna,JOLY,32000,22/10/2017
678,Manon,DUCHATEAU,31000,18/10/2017
679,Alice,ROY,35000,18/10/2017
680,Marouan,DUBOIS,54000,17/10/2017
681,Emma,PETIT,101000,27/10/2017
682,Sabrina,JOLY,57000,16/10/2017
683,Sabrina,DUBOIS,91000,13/10/2017
684,Lyna,MOHAMED,116000,04/10/2017
685,Sabrina,DUCHATEAU,69000,24/10/2017
686,Lyna,DUCHATEAU,67000,11/10/2017
687,Manon,JOLY,37000,13/10/2017
688,Lola,JOLY,99000,10/10/2017
689,Cloe,ROY,36000,02/10/2017
690,Sabrina,MARTIN,118000,29/09/2017
691,Alice,MOHAMED,63000,05/10/2017
692,Nathan,PETIT,92000,04/10/2017
693,Nathan,ROY,104000,26/10/2017
694,Manon,DUBOIS,70000,15/10/2017
695,Lyna,DUBOIS,62000,23/10/2017
696,Emma,ROY,59000,06/10/2017
697,Manon,ROUX,53000,06/10/2017
698,Nathan,ROY,70000,05/10/2017
699,Cloe,ROUX,105000,27/10/2017
700,Alice,MARTIN,114000,04/10/2017
701,Lucas,PETIT,41000,06/10/2017
702,Lucas,DUBOIS,59000,25/10/2017
703,Emma,ROUX,89000,05/10/2017
704,Sabrina,DUCHATEAU,80000,20/10/2017
705,Cloe,ROY,50000,19/10/2017
706,Emma,ROY,36000,28/10/2017
707,Lola,MOHAMED,37000,30/09/2017
708,Lola,DUBOIS,99000,08/10/2017
709,Cloe,MARTIN,30000,08/10/2017
710,Cloe,ROY,76000,04/10/2017
711,Cloe,JOLY,85000,13/10/2017
712,Alice,PETIT,107000,13/10/2017
713,Marouan,DUBOIS,106000,20/10/2017
714,Cloe,BLANC,95000,02/10/2017
715,Lyna,DUBOIS,73000,08/10/2017
716,Lucas,DUCHATEAU,92000,18/10/2017
717,Cloe,ROUX,82000,12/10/2017
718,Marouan,JOLY,105000,10/10/2017
719,Alice,DUBOIS,53000,03/10/2017
720,Marouan,BLANC,75000,09/10/2017
721,Manon,BLANC,69000,02/10/2017
722,Cloe,MARTIN,79000,25/10/2017
723,Alice,MOHAMED,89000,16/10/2017
724,Sabrina,DUCHATEAU,91000,05/10/2017
725,Jules,DUBOIS,100000,04/10/2017
726,Emma,DUCHATEAU,51000,21/10/2017
727,Lucas,ROY,68000,17/10/2017
728,Lola,DUBOIS,111000,30/09/2017
729,Manon,ROY,52000,10/10/2017
730,Alice,MARTIN,54000,16/10/2017
731,Alice,ROY,49000,19/10/2017
732,Manon,DUCHATEAU,76000,04/10/2017
733,Alice,BLANC,89000,05/10/2017
734,Lola,PETIT,59000,24/10/2017
735,Emma,MARTIN,106000,23/10/2017
736,Lyna,ROUX,35000,16/10/2017
737,Lucas,ROY,50000,01/10/2017
738,Nathan,MARTIN,83000,27/10/2017
739,Lyna,PETIT,69000,13/10/2017
740,Sabrina,ROUX,91000,11/10/2017
741,Nathan,MARTIN,84000,17/10/2017
742,Emma,JOLY,72000,21/10/2017
743,Alice,PETIT,33000,05/10/2017
744,Manon,MARTIN,38000,17/10/2017
745,Jules,ROUX,35000,16/10/2017
746,Cloe,DUCHATEAU,64000,20/10/2017
747,Sabrina,PETIT,62000,28/09/2017
748,Marouan,ROUX,83000,09/10/2017
749,Lucas,ROY,39000,28/09/2017
750,Lucas,DUBOIS,83000,02/10/2017
751,Sabrina,ROUX,104000,10/10/2017
752,Jules,ROUX,58000,15/10/2017
753,Sabrina,ROY,30000,13/10/2017
754,Alice,MARTIN,41000,12/10/2017
755,Lucas,DUBOIS,120000,30/09/2017
756,Lyna,DUCHATEAU,88000,09/10/2017
757,Nathan,MOHAMED,81000,23/10/2017
758,Lyna,PETIT,88000,19/10/2017
759,Manon,DUBOIS,74000,11/10/2017
760,Jules,PETIT,78000,23/10/2017
761,Sabrina,JOLY,32000,21/10/2017
762,Emma,MARTIN,68000,20/10/2017
763,Cloe,DUCHATEAU,98000,01/10/2017
764,Emma,ROUX,83000,01/10/2017
765,Lola,BLANC,51000,05/10/2017
766,Cloe,MOHAMED,35000,28/10/2017
767,Nathan,DUBOIS,63000,20/10/2017
768,Lola,BLANC,47000,09/10/2017
769,Marouan,MARTIN,116000,08/10/2017
770,Lola,ROY,60000,13/10/2017
771,Jules,ROUX,120000,02/10/2017
772,Sabrina,JOLY,31000,14/10/2017
773,Cloe,PETIT,41000,06/10/2017
774,Lyna,MARTIN,79000,09/10/2017
775,Nathan,ROY,89000,10/10/2017
776,Sabrina,BLANC,46000,14/10/2017
777,Jules,ROUX,75000,10/10/2017
778,Jules,PETIT,90000,06/10/2017
779,Sabrina,DUCHATEAU,119000,23/10/2017
780,Lyna,JOLY,43000,03/10/2017
781,Manon,DUCHATEAU,95000,19/10/2017
782,Nathan,BLANC,80000,15/10/2017
783,Cloe,DUBOIS,61000,20/10/2017
784,Lola,MOHAMED,44000,07/10/2017
785,Alice,JOLY,116000,16/10/2017
786,Jules,MOHAMED,107000,09/10/2017
787,Lucas,ROY,34000,24/10/2017
788,Cloe,ROY,77000,22/10/2017
789,Alice,MOHAMED,57000,20/10/2017
790,Sabrina,PETIT,111000,06/10/2017
791,Cloe,BLANC,83000,28/10/2017
792,Alice,MARTIN,86000,18/10/2017
793,Emma,MARTIN,74000,03/10/2017
794,Marouan,DUCHATEAU,88000,20/10/2017
795,Lucas,PETIT,30000,28/10/2017
796,Marouan,MARTIN,84000,09/10/2017
797,Sabrina,MARTIN,63000,08/10/2017
798,Emma,BLANC,120000,13/10/2017
799,Manon,DUBOIS,51000,03/10/2017
800,Marouan,DUBOIS,83000,13/10/2017
801,Cloe,PETIT,57000,02/10/2017
802,Sabrina,MARTIN,117000,09/10/2017
803,Marouan,ROUX,48000,09/10/2017
804,Nathan,JOLY,54000,12/10/2017
805,Marouan,BLANC,96000,13/10/2017
806,Cloe,PETIT,48000,20/10/2017
807,Emma,PETIT,34000,15/10/2017
808,Lucas,ROY,77000,26/10/2017
809,Lyna,DUBOIS,92000,28/09/2017
810,Nathan,PETIT,93000,08/10/2017
811,Nathan,ROUX,35000,15/10/2017
812,Alice,DUCHATEAU,90000,09/10/2017
813,Marouan,ROUX,117000,26/10/2017
814,Lucas,BLANC,102000,02/10/2017
815,Sabrina,MARTIN,30000,19/10/2017
816,Sabrina,MARTIN,78000,23/10/2017
817,Lola,JOLY,34000,05/10/2017
818,Cloe,ROUX,87000,19/10/2017
819,Lola,JOLY,105000,06/10/2017
820,Alice,PETIT,69000,07/10/2017
821,Jules,DUBOIS,61000,07/10/2017
822,Nathan,DUCHATEAU,42000,28/09/2017
823,Alice,MOHAMED,47000,17/10/2017
824,Lucas,JOLY,58000,14/10/2017
825,Sabrina,BLANC,78000,26/10/2017
826,Manon,MOHAMED,70000,24/10/2017
827,Sabrina,MOHAMED,106000,11/10/2017
828,Lola,JOLY,76000,14/10/2017
829,Sabrina,ROUX,107000,29/09/2017
830,Alice,BLANC,54000,10/10/2017
831,Manon,JOLY,63000,14/10/2017
832,Marouan,MOHAMED,65000,28/10/2017
833,Nathan,DUCHATEAU,70000,15/10/2017
834,Nathan,BLANC,41000,03/10/2017
835,Lola,MOHAMED,35000,22/10/2017
836,Marouan,MARTIN,59000,28/10/2017
837,Nathan,ROY,104000,26/10/2017
838,Lola,DUBOIS,89000,15/10/2017
839,Manon,DUBOIS,51000,23/10/2017
840,Nathan,ROY,58000,24/10/2017
841,Manon,JOLY,76000,06/10/2017
842,Cloe,ROUX,48000,17/10/2017
843,Lucas,MOHAMED,119000,03/10/2017
844,Lola,ROY,58000,16/10/2017
845,Emma,DUBOIS,57000,16/10/2017
846,Emma,ROY,85000,26/10/2017
847,Lyna,JOLY,82000,21/10/2017
848,Lyna,ROY,47000,29/09/2017
849,Cloe,PETIT,104000,28/09/2017
850,Marouan,MARTIN,81000,18/10/2017
851,Nathan,DUCHATEAU,63000,17/10/2017
852,Lola,JOLY,42000,28/10/2017
853,Cloe,PETIT,69000,07/10/2017
854,Emma,DUBOIS,90000,06/10/2017
855,Lucas,ROY,75000,28/09/2017
856,Marouan,ROUX,93000,08/10/2017
857,Sabrina,JOLY,107000,01/10/2017
858,Nathan,BLANC,61000,12/10/2017
859,Alice,DUBOIS,61000,01/10/2017
860,Sabrina,MARTIN,102000,23/10/2017
861,Lyna,PETIT,106000,04/10/2017
862,Manon,MOHAMED,70000,24/10/2017
863,Alice,BLANC,42000,11/10/2017
864,Marouan,DUBOIS,105000,28/10/2017
865,Nathan,MOHAMED,35000,06/10/2017
866,Lola,ROUX,65000,16/10/2017
867,Cloe,ROUX,75000,13/10/2017
868,Marouan,DUBOIS,51000,03/10/2017
869,Nathan,JOLY,114000,12/10/2017
870,Nathan,BLANC,63000,11/10/2017
871,Sabrina,JOLY,71000,21/10/2017
872,Marouan,MOHAMED,101000,13/10/2017
873,Lyna,BLANC,115000,23/10/2017
874,Manon,MOHAMED,44000,07/10/2017
875,Cloe,MOHAMED,73000,29/09/2017
876,Lucas,MARTIN,88000,20/10/2017
877,Nathan,BLANC,108000,20/10/2017
878,Nathan,ROUX,74000,28/10/2017
879,Manon,DUCHATEAU,94000,11/10/2017
880,Lucas,DUBOIS,63000,15/10/2017
881,Emma,DUCHATEAU,82000,23/10/2017
882,Cloe,JOLY,88000,25/10/2017
883,Manon,PETIT,61000,15/10/2017
884,Sabrina,MARTIN,34000,17/10/2017
885,Lola,MARTIN,99000,02/10/2017
886,Lucas,DUBOIS,58000,24/10/2017
887,Lucas,PETIT,54000,12/10/2017
888,Lucas,BLANC,113000,17/10/2017
889,Marouan,MARTIN,37000,23/10/2017
890,Lyna,ROUX,119000,08/10/2017
891,Alice,JOLY,38000,30/09/2017
892,Sabrina,PETIT,47000,16/10/2017
893,Lola,MARTIN,69000,30/09/2017
894,Cloe,BLANC,66000,30/09/2017
895,Marouan,DUCHATEAU,93000,12/10/2017
896,Lyna,BLANC,82000,01/10/2017
897,Lola,ROUX,52000,03/10/2017
898,Alice,JOLY,95000,28/09/2017
899,Cloe,PETIT,65000,28/09/2017
900,Lola,MOHAMED,93000,11/10/2017
901,Lucas,MOHAMED,33000,30/09/2017
902,Lucas,JOLY,44000,17/10/2017
903,Cloe,MARTIN,90000,06/10/2017
904,Lucas,MARTIN,60000,08/10/2017
905,Jules,MOHAMED,72000,13/10/2017
906,Nathan,MOHAMED,70000,03/10/2017
907,Nathan,DUBOIS,70000,17/10/2017
908,Lyna,JOLY,119000,08/10/2017
909,Sabrina,ROY,45000,14/10/2017
910,Manon,JOLY,84000,03/10/2017
911,Cloe,MOHAMED,43000,20/10/2017
912,Sabrina,DUBOIS,60000,30/09/2017
913,Lucas,MARTIN,96000,30/09/2017
914,Lola,ROUX,95000,25/10/2017
915,Sabrina,MARTIN,55000,28/09/2017
916,Cloe,ROUX,51000,06/10/2017
917,Marouan,PETIT,110000,13/10/2017
918,Jules,MARTIN,64000,06/10/2017
919,Manon,PETIT,44000,20/10/2017
920,Sabrina,DUBOIS,62000,27/10/2017
921,Jules,BLANC,51000,22/10/2017
922,Alice,MARTIN,85000,24/10/2017
923,Lyna,JOLY,87000,21/10/2017
924,Lucas,JOLY,92000,07/10/2017
925,Nathan,DUBOIS,101000,15/10/2017
926,Cloe,DUCHATEAU,44000,06/10/2017
927,Lyna,ROY,102000,17/10/2017
928,Lola,MOHAMED,61000,27/10/2017
929,Nathan,PETIT,56000,23/10/2017
930,Lyna,MOHAMED,68000,13/10/2017
931,Cloe,JOLY,53000,11/10/2017
932,Lola,DUBOIS,117000,14/10/2017
933,Lucas,DUCHATEAU,47000,26/10/2017
934,Lola,JOLY,32000,15/10/2017
935,Sabrina,ROY,91000,24/10/2017
936,Lucas,PETIT,73000,27/10/2017
937,Lola,DUCHATEAU,49000,15/10/2017
938,Lucas,BLANC,88000,03/10/2017
939,Sabrina,BLANC,94000,18/10/2017
940,Lucas,DUCHATEAU,53000,18/10/2017
941,Nathan,DUCHATEAU,74000,25/10/2017
942,Manon,ROY,36000,10/10/2017
943,Lucas,MARTIN,104000,09/10/2017
944,Manon,BLANC,93000,02/10/2017
945,Marouan,DUBOIS,72000,29/09/2017
946,Sabrina,JOLY,65000,19/10/2017
947,Sabrina,BLANC,93000,27/10/2017
948,Emma,DUBOIS,108000,28/10/2017
949,Nathan,ROY,64000,09/10/2017
950,Lola,MARTIN,65000,18/10/2017
951,Emma,PETIT,86000,10/10/2017
952,Emma,MOHAMED,92000,27/10/2017
953,Sabrina,DUCHATEAU,102000,22/10/2017
954,Alice,ROY,53000,29/09/2017
955,Jules,PETIT,92000,14/10/2017
956,Lucas,PETIT,53000,29/09/2017
957,Lola,DUCHATEAU,84000,20/10/2017
958,Manon,ROY,97000,19/10/2017
959,Nathan,DUCHATEAU,108000,24/10/2017
960,Jules,MOHAMED,56000,07/10/2017
961,Lucas,JOLY,63000,28/10/2017
962,Nathan,ROUX,69000,28/10/2017
963,Lola,JOLY,31000,15/10/2017
964,Manon,ROY,101000,27/10/2017
965,Alice,DUCHATEAU,102000,08/10/2017
966,Cloe,DUBOIS,67000,14/10/2017
967,Sabrina,MOHAMED,46000,03/10/2017
968,Marouan,BLANC,90000,13/10/2017
969,Manon,DUBOIS,107000,01/10/2017
970,Lyna,JOLY,36000,14/10/2017
971,Emma,DUBOIS,104000,28/09/2017
972,Lola,PETIT,108000,11/10/2017
973,Lyna,DUCHATEAU,71000,11/10/2017
974,Emma,ROY,81000,01/10/2017
975,Nathan,ROY,34000,02/10/2017
976,Marouan,MOHAMED,84000,27/10/2017
977,Emma,ROUX,92000,20/10/2017
978,Nathan,ROUX,65000,10/10/2017
979,Lola,DUBOIS,31000,08/10/2017
980,Lyna,PETIT,47000,11/10/2017
981,Sabrina,DUCHATEAU,106000,20/10/2017
982,Manon,MARTIN,39000,19/10/2017
983,Marouan,DUCHATEAU,111000,11/10/2017
984,Marouan,MOHAMED,63000,06/10/2017
985,Manon,DUBOIS,44000,08/10/2017
986,Lola,ROUX,72000,18/10/2017
987,Manon,PETIT,102000,11/10/2017
988,Jules,MOHAMED,100000,14/10/2017
989,Sabrina,DUCHATEAU,92000,14/10/2017
990,Cloe,ROUX,92000,04/10/2017
991,Lola,ROUX,111000,05/10/2017
992,Jules,PETIT,34000,12/10/2017
993,Sabrina,JOLY,42000,24/10/2017
994,Lyna,MOHAMED,42000,22/10/2017
995,Lucas,BLANC,104000,20/10/2017
996,Lyna,DUBOIS,53000,01/10/2017
997,Manon,ROUX,40000,30/09/2017
998,Lucas,ROUX,88000,11/10/2017
999,Manon,PETIT,73000,30/09/2017
